-1.000000000000000000e+00,-1.000000000000000000e+00,0.000000000000000000e+00,0.000000000000000000e+00,0.000000000000000000e+00,0.000000000000000000e+00
-9.996774136167304592e-01,-9.985227078304633741e-01,-1.704671057888471411e-03,2.914003633646097043e-04,1.742941667221696480e-04,-6.402147501272501169e-05
-9.990332342630209306e-01,-9.955683459589360629e-01,-5.113543326663295280e-03,8.738801755944341229e-04,5.223608143705976833e-04,-1.920382016379475025e-04
-9.980704113191732896e-01,-9.911319223418092461e-01,-1.023779907439185261e-02,1.753336945987190795e-03,1.042667460637926834e-03,-3.839455406144851013e-04
-9.967938477053954749e-01,-9.852033009942536834e-01,-1.710004626053883772e-02,2.941727185933416984e-03,1.732670732887529267e-03,-6.395519824070914705e-04
-9.952103998968856446e-01,-9.777673095551345783e-01,-2.573396231544489154e-02,4.456809672032005509e-03,2.588813719038087022e-03,-9.585619766379776564e-04
-9.933288798854013057e-01,-9.688038908245706349e-01,-3.618378622041456411e-02,6.321776582279242489e-03,3.606521045217417169e-03,-1.340550271077906898e-03
-9.911600584685889004e-01,-9.582883092276039960e-01,-4.850362447139286437e-02,8.564749208415566029e-03,4.780192034134300369e-03,-1.784928091761108556e-03
-9.887166690191825369e-01,-9.461914270221210010e-01,-6.275652426369321413e-02,1.121810667233509584e-02,6.103192430112074768e-03,-2.290901658550605242e-03
-9.860134104988294013e-01,-9.324800686449319365e-01,-7.901325574124881679e-02,1.431760833515701575e-02,7.567845397939894705e-03,-2.857423773495021066e-03
-9.830669478796049132e-01,-9.171174945101844278e-01,-9.735073543254836592e-02,1.790126406035524864e-02,9.165422845189716283e-03,-3.483139567576618197e-03
-9.798959072668506076e-01,-9.000640072216476995e-01,-1.178500167857540609e-01,2.200790231841869699e-02,1.088613861256228221e-02,-4.166327969145395931e-03
-9.765208618446560296e-01,-8.812777126156556839e-01,-1.405937736254572190e-01,2.667538600083357858e-02,1.271914574596511895e-02,-4.904841082344729188e-03
-9.729643032994430563e-01,-8.607154540837526069e-01,-1.656632119001856251e-01,3.193843202784884400e-02,1.465254090539280449e-02,-5.696044438034487956e-03
-9.692505917094084156e-01,-8.383339297720219241e-01,-1.931343684895822366e-01,3.782600610957917442e-02,1.667337993227432924e-02,-6.536761974437439032e-03
-9.654058752385342723e-01,-8.140909870661768855e-01,-2.230737973594766888e-01,4.435829109104236223e-02,1.876770957041395266e-02,-7.423230542165076135e-03
-9.614579697360849941e-01,-7.879470662740351017e-01,-2.555337060239211699e-01,5.154326810143282367e-02,2.092062110091456872e-02,-8.351069562607756416e-03
-9.574361880971843375e-01,-7.598667358365146507e-01,-2.905466888916042878e-01,5.937300405973748585e-02,2.311633188546203393e-02,-9.315271975339791538e-03
-9.533711107104057003e-01,-7.298202270503945099e-01,-3.281203027102376213e-01,6.781980310170079851e-02,2.533830010703767149e-02,-1.031022249673873431e-02
-9.492942922200423572e-01,-6.977848423450988546e-01,-3.682318291191569171e-01,7.683244425745477946e-02,2.756937593972188724e-02,-1.132974816632479828e-02
-9.452379066011430409e-01,-6.637460857909408540e-01,-4.108236479910835071e-01,8.633277894788420059e-02,2.979198870141158695e-02,-1.236720394287705790e-02
-9.412343419907327480e-01,-6.276983577766078737e-01,-4.557996749964146055e-01,9.621298187597485119e-02,3.198836431928589463e-02,-1.341559270057965554e-02
-9.373157677092103235e-01,-5.896450768770139517e-01,-5.030232717661010655e-01,1.063337213053451302e-01,3.414076126159243385e-02,-1.446771467257543242e-02
-9.335137063237943789e-01,-5.495981452419778091e-01,-5.523169040403833607e-01,1.165234314654381154e-01,3.623170711596963856e-02,-1.551633688546410345e-02
-9.298586507304316129e-01,-5.075767553109992170e-01,-6.034636122349843479e-01,1.265787376405550502e-01,3.824421374019525838e-02,-1.655436939541933897e-02
-9.263797675722669211e-01,-4.636056315775898828e-01,-6.562101067174311853e-01,1.362659272236098063e-01,4.016194779786456948e-02,-1.757503315682633696e-02
-9.231047226179197596e-01,-4.177128910261000971e-01,-7.102710628588669861e-01,1.453232136860679313e-01,4.196933628399850819e-02,-1.857200475902617484e-02
-9.200596516537206115e-01,-3.699277692060553013e-01,-7.653340260761833935e-01,1.534634417929562344e-01,4.365159305525266598e-02,-1.953952605218099367e-02
-9.172692845033191267e-01,-3.202784826594740064e-01,-8.210642825968772485e-01,1.603768557065236300e-01,4.519466107957303969e-02,-2.047247116463544667e-02
-9.147572134380159703e-01,-2.687904817141565372e-01,-8.771091127822293609e-01,1.657336001939878900e-01,4.658507421383234481e-02,-2.136636846304655266e-02
-9.125462836337483452e-01,-2.154853012131011381e-01,-9.331009938311203289e-01,1.691857320140409404e-01,4.780975003742746893e-02,-2.221737945793621216e-02
-9.106590742691855755e-01,-1.603801576576218135e-01,-9.886595123807842000e-01,1.703686549953502549e-01,4.885573056471948644e-02,-2.302223968415657504e-02
-9.091184344223434133e-01,-1.034883862072696753e-01,-1.043391939217537256e+00,1.689020291932547546e-01,4.970989042721773304e-02,-2.377816788252219010e-02
-9.079480367690299092e-01,-4.482077121803525188e-02,-1.096892575457011798e+00,1.643903207330030813e-01,5.035863305462102979e-02,-2.448274955268937500e-02
-9.071729121352243297e-01,1.561219666555974106e-02,-1.148741087766415703e+00,1.564232444405123656e-01,5.078759562231609931e-02,-2.513379961979525512e-02
-9.068199270800588740e-01,7.779710807872083911e-02,-1.198500110568178734e+00,1.445764050973044890e-01,5.098138425244520128e-02,-2.572920714585523461e-02
-9.069181631967341284e-01,1.417134330440186496e-01,-1.245712415702585840e+00,1.284124687992144742e-01,5.092336311287771339e-02,-2.626676327998637983e-02
-9.074991497259790041e-01,2.073282894138933075e-01,-1.289897947106258158e+00,1.074831974877762109e-01,5.059552523096784438e-02,-2.674397246125302663e-02
-9.085968902543323233e-01,2.745901438195954003e-01,-1.330550999907456955e+00,8.133265878607695565e-02,4.997847912487714955e-02,-2.715784668736756155e-02
-9.102476106796394406e-01,3.434214269395126640e-01,-1.367137796012481976e+00,4.950187767740407696e-02,4.905159323680596123e-02,-2.750468384582635539e-02
-9.124891417354819012e-01,4.137100898652140146e-01,-1.399094673556603441e+00,1.153512081218931867e-02,4.779334825081998916e-02,-2.777983407601255020e-02
-9.153598397954465504e-01,4.853002056523364471e-01,-1.425827063985145804e+00,-3.301210935935915136e-02,4.618195307241001329e-02,-2.797746325776051188e-02
-9.188969519625865834e-01,5.579818351838317092e-01,-1.446709374344148591e+00,-8.456345308684856676e-02,4.419627922623686062e-02,-2.809033020911328241e-02
-9.231343564939704649e-01,6.314805317747259616e-01,-1.461085818550269755e+00,-1.435107397875483304e-01,4.181715441136335532e-02,-2.810960385744884146e-02
-9.280996709417360657e-01,7.054470518726037032e-01,-1.468272143301548649e+00,-2.102022685311297490e-01,3.902902109361975486e-02,-2.802475772916818847e-02
-9.338108307407765318e-01,7.794480579165112832e-01,-1.467558061928334379e+00,-2.849312175784291523e-01,3.582190284385742413e-02,-2.782358995911303826e-02
-9.402724045032371247e-01,8.529588165085481011e-01,-1.458210026917368340e+00,-3.679254586028024576e-01,3.219352701978148851e-02,-2.749242520551918242e-02
-9.474721119939296665e-01,9.253590593681607634e-01,-1.439473715257868047e+00,-4.593404634683315724e-01,2.815133683314822652e-02,-2.701655745027575772e-02
-9.553781946033551575e-01,9.959332047933169285e-01,-1.410575241683401648e+00,-5.592573914422249715e-01,2.371401856510355760e-02,-2.638098695541969685e-02
-9.639383641932119939e-01,1.063875926771312264e+00,-1.370719634505899620e+00,-6.676887518213283634e-01,1.891212355915970408e-02,-2.557148898123413200e-02
-9.730809127091440969e-01,1.128303504952541392e+00,-1.319084528090618935e+00,-7.845941278918394657e-01,1.378744423752431905e-02,-2.457602666767587374e-02
-9.827181243093862095e-01,1.188270459299595627e+00,-1.254806451350322982e+00,-9.099081711815765194e-01,8.391053895649017505e-03,-2.338649008890100744e-02
-9.927514206621700366e-01,1.242789803869474241e+00,-1.176956773490152042e+00,-1.043582283094253604e+00,2.780326168702867279e-03,-2.200072019654055605e-02
-1.003076855009653823e+00,1.290854252416722137e+00,-1.084504805924459525e+00,-1.185639952155462584e+00,-2.984285003737018223e-03,-2.042478689967786379e-02
-1.013588915181735661e+00,1.331455665485116180e+00,-9.762678050585363865e-01,-1.336243285962920968e+00,-8.841554464711097461e-03,-1.867558284697858062e-02
-1.024180399674176956e+00,1.363602378020729811e+00,-8.508542406934949121e-01,-1.495763667314229162e+00,-1.472963333302388517e-02,-1.678404286509959514e-02
-1.034736940792615911e+00,1.386341742688522949e+00,-7.066245061937475036e-01,-1.664838734669796816e+00,-2.058325891763984963e-02,-1.479981361062897120e-02
-1.045128618048044356e+00,1.398815269236354686e+00,-5.417401931565006823e-01,-1.844370013925837659e+00,-2.632942413837057252e-02,-1.279914875409522007e-02
-1.055215919384048240e+00,1.400422453229166253e+00,-3.544916918100085024e-01,-2.035344370065237385e+00,-3.189107057236246351e-02,-1.089939321521714473e-02
-1.064937449608603259e+00,1.391273603306711237e+00,-1.443534944944711018e-01,-2.238207026523661991e+00,-3.723575325975291006e-02,-9.285229122502128979e-03
-1.074672779695255986e+00,1.373239987105511650e+00,8.546552715239971731e-02,-2.451332809901445309e+00,-4.257454908633969554e-02,-8.248887226249753193e-03
-1.086132799018144413e+00,1.351573409126401559e+00,3.240657413701685252e-01,-2.668700323409221475e+00,-4.884715374244703173e-02,-8.216798514016089225e-03
-1.102963693306298065e+00,1.334976554295277840e+00,5.527201211658188118e-01,-2.879970488759727054e+00,-5.804835729673792077e-02,-9.657489375313722813e-03
-1.128252416289217130e+00,1.330977654069818161e+00,7.558174572846609873e-01,-3.077020715676423990e+00,-7.187323109907033103e-02,-1.283405139943154596e-02
-1.161091141591795051e+00,1.341834175449062805e+00,9.297526136070208835e-01,-3.258697689679265874e+00,-8.985687323949478889e-02,-1.773509434783804295e-02
-1.198102839604027858e+00,1.366565502004047694e+00,1.077569512652416739e+00,-3.427287292840476951e+00,-1.101943738771626047e-01,-2.422138158512879280e-02
-1.236297343389415992e+00,1.403637261458179575e+00,1.202877450309347118e+00,-3.585039013754034887e+00,-1.312788197205629337e-01,-3.208817921154733660e-02
-1.273893707453892965e+00,1.451733307648821247e+00,1.308246968924733578e+00,-3.733341376535826761e+00,-1.521474242800953391e-01,-4.109689778799784088e-02
-1.310007215966054961e+00,1.509721229806142873e+00,1.395314785428650506e+00,-3.872808381756798202e+00,-1.723162298010530447e-01,-5.100855257431512885e-02
-1.344205920168567880e+00,1.576508915780626685e+00,1.465116185196699394e+00,-4.003478605623467246e+00,-1.915420767393599399e-01,-6.159631976695499611e-02
-1.376228863019629323e+00,1.650954469108977696e+00,1.518343245887737503e+00,-4.124988223990013303e+00,-2.096700506387374763e-01,-7.264270312041555544e-02
-1.405860878615333931e+00,1.731838748047367593e+00,1.555521256386338980e+00,-4.236721116008904886e+00,-2.265652177615463392e-01,-8.393553077287048414e-02
-1.432906404384892696e+00,1.817885823248865051e+00,1.577126860815349252e+00,-4.337946269645533981e+00,-2.420987574398740239e-01,-9.527063009692562923e-02
-1.457212537769628113e+00,1.907814833485876882e+00,1.583661660678538308e+00,-4.427941137663224502e+00,-2.561620826359048420e-01,-1.064618596160696040e-01
-1.478703793768976427e+00,2.000405758159027325e+00,1.575688601750729223e+00,-4.506092143902973746e+00,-2.686883424629025185e-01,-1.173543255496329041e-01
-1.497403643843109311e+00,2.094562272311326634e+00,1.553838210518184937e+00,-4.571963504409757739e+00,-2.796669455805084747e-01,-1.278348869952506683e-01
-1.513432879843445322e+00,2.189359245402229703e+00,1.518793422465954501e+00,-4.625330904943135479e+00,-2.891447860273181347e-01,-1.378357233255142200e-01
-1.526988335700414812e+00,2.284069384241110612e+00,1.471261988449960256e+00,-4.666183097030092597e+00,-2.972155950377570743e-01,-1.473303364452112629e-01
-1.538312367334726316e+00,2.378169888817056155e+00,1.411943653200739890e+00,-4.694698720474753451e+00,-3.040031262753294938e-01,-1.563244051326669604e-01
-1.547663076754878908e+00,2.471333691044352410e+00,1.341496784390604491e+00,-4.711206903708660576e+00,-3.096440005787937655e-01,-1.648449244999578012e-01
-1.555291047621681466e+00,2.563410840898828980e+00,1.260507224955169203e+00,-4.716139562207788849e+00,-3.142737932713156601e-01,-1.729303355811515064e-01
-1.561424081383765206e+00,2.654404930916022032e+00,1.169461274128390516e+00,-4.709982069750706657e+00,-3.180174929445453991e-01,-1.806229939618908265e-01
-1.566258813902489777e+00,2.744448034746857168e+00,1.068724750030030313e+00,-4.693227800396031490e+00,-3.209838771977435168e-01,-1.879642031215880416e-01
-1.569957135651789404e+00,2.833775866523346121e+00,9.585310699183838823e-01,-4.666341319231555929e+00,-3.232627057616261901e-01,-1.949914324943248511e-01
-1.572645379347309857e+00,2.922702681142124170e+00,8.389837813357483576e-01,-4.629735281804493674e+00,-3.249235839149720029e-01,-2.017371716916352975e-01
-1.574414705835541328e+00,3.011592444946661118e+00,7.100842494891956846e-01,-4.583768301234653286e+00,-3.260155772503103289e-01,-2.082289647495723095e-01
-1.575321744423230363e+00,3.100818397809995464e+00,5.718050306009512251e-01,-4.528776360188335737e+00,-3.265670071132351082e-01,-2.144903853521799297e-01
-1.575389362314021158e+00,3.190696981659523424e+00,4.242446602111480392e-01,-4.465159345949152758e+00,-3.265853506972927756e-01,-2.205429724047380802e-01
-1.574608734505411389e+00,3.281376579980370245e+00,2.679135656794758291e-01,-4.393552889658865368e+00,-3.260579996156831029e-01,-2.264093371183151793e-01
-1.572945921759236532e+00,3.372668529071622068e+00,1.041809402297688980e-01,-4.315103568974936188e+00,-3.249559804995372225e-01,-2.321174596686015890e-01
-1.570357930598204277e+00,3.463857948443140433e+00,-6.422406412329370595e-02,-4.231780907950833281e+00,-3.232439772559964064e-01,-2.377049024709745328e-01
-1.566819921068311139e+00,3.553648127287263758e+00,-2.330778349149187911e-01,-4.146463319707299533e+00,-3.208979578167370783e-01,-2.432189488607776340e-01
-1.562351033696302904e+00,3.640456456589344914e+00,-3.974849741452298746e-01,-4.062427042844043434e+00,-3.179223994436694567e-01,-2.487078569126262850e-01
-1.557014267372203831e+00,3.723005847710338045e+00,-5.534973022911687801e-01,-3.982333398126286728e+00,-3.143508158826919252e-01,-2.542061585394472800e-01
-1.550886589945242866e+00,3.800731241654901726e+00,-6.992162985801473329e-01,-3.907532960824967816e+00,-3.102264959377104558e-01,-2.597266730427766901e-01
-1.544027644124795984e+00,3.873711485215167283e+00,-8.345933998445788093e-01,-3.838184220968990701e+00,-3.055817947668280077e-01,-2.652649601463263895e-01
-1.536467235593904412e+00,3.942369134346640269e+00,-9.605942209073299320e-01,-3.773776524690903411e+00,-3.004294970679322607e-01,-2.708085135985663361e-01
-1.528206924841611691e+00,4.007227484230561743e+00,-1.078518583793355301e+00,-3.713560956104508204e+00,-2.947634656258956154e-01,-2.763433898275416412e-01
-1.519225603155218041e+00,4.068789046291939826e+00,-1.189653789633140724e+00,-3.656774226989301990e+00,-2.885620000032456667e-01,-2.818572877348435313e-01
-1.509484233367437644e+00,4.127493177961983228e+00,-1.295146817963130914e+00,-3.602724761595876402e+00,-2.817907084443657673e-01,-2.873405650310051351e-01
-1.498928795657270330e+00,4.183709997817710580e+00,-1.395978377575249452e+00,-3.550813660027936525e+00,-2.744042230686611905e-01,-2.927864257096532974e-01
-1.487491726206429110e+00,4.237747527125555358e+00,-1.492975233472286112e+00,-3.500530511411104051e+00,-2.663469211242127099e-01,-2.981908987472131067e-01
-1.475092292904949254e+00,4.289862199541438770e+00,-1.586833169102873420e+00,-3.451441715344714112e+00,-2.575529283675270786e-01,-3.035528672897723212e-01
-1.461636250418115734e+00,4.340269140642281975e+00,-1.678140102653715049e+00,-3.403178207729352422e+00,-2.479456198681559698e-01,-3.088742527153013895e-01
-1.447015012213417773e+00,4.389151204948487539e+00,-1.767396023901375290e+00,-3.355424956143515214e+00,-2.374367688020365685e-01,-3.141604044837798537e-01
-1.431104521914307703e+00,4.436666733126581441e+00,-1.855029136409938717e+00,-3.307912844743182479e+00,-2.259254616409061278e-01,-3.194207362885383983e-01
-1.413764006093039205e+00,4.482956317720332429e+00,-1.941408500426381689e+00,-3.260412974703672528e+00,-2.132969042253088088e-01,-3.246696560653919983e-01
-1.394834850311135188e+00,4.528148942703964508e+00,-2.026853684948035195e+00,-3.212733261701669285e+00,-1.994212933707203428e-01,-3.299278509483606903e-01
-1.374139976906813221e+00,4.572367843003338095e+00,-2.111641902768746526e+00,-3.164717221744388631e+00,-1.841530380051997207e-01,-3.352240018978001612e-01
-1.351484350618290309e+00,4.615736358769842340e+00,-2.196012998835522367e+00,-3.116244865988150980e+00,-1.673308108401929395e-01,-3.405970086615413006e-01
-1.326657649353587320e+00,4.658383924888517491e+00,-2.280172564920323275e+00,-3.067235588458968376e+00,-1.487792403565207366e-01,-3.460987890785420795e-01
-1.299440777096067867e+00,4.700452091391201570e+00,-2.364293405302359208e+00,-3.017652737712178901e+00,-1.283135690533409035e-01,-3.517976475432699757e-01
-1.269618805204931311e+00,4.742100039477731066e+00,-2.448515623550976184e+00,-2.967509094868499897e+00,-1.057493479333035807e-01,-3.577820289388420893e-01
-1.237004013118887968e+00,4.783508364688947800e+00,-2.532945802029567428e+00,-2.916871598727160286e+00,-8.092014791364435244e-02,-3.641640905423211283e-01
-1.201473463170647626e+00,4.824878960540353035e+00,-2.617656177479802171e+00,-2.865862307364510198e+00,-5.370697120273503627e-02,-3.710818060300215548e-01
-1.163024611930937979e+00,4.866427986366622882e+00,-2.702685404559034943e+00,-2.814651069034656228e+00,-2.408246246215729400e-02,-3.786971828058047773e-01
-1.121847162729813663e+00,4.908369134215976537e+00,-2.788043256677137816e+00,-2.763434858884421530e+00,7.830995941736886706e-03,-3.871868710295875982e-01
-1.078396656361088723e+00,4.950887434786674035e+00,-2.873721762708286054e+00,-2.712401574139919447e+00,4.170022852485499865e-02,-3.967210744344217277e-01
-1.033436479420070331e+00,4.994110760133963822e+00,-2.959713583905768441e+00,-2.661684539415700268e+00,7.694345268358590562e-02,-4.074295303019357939e-01
-9.880037520468658574e-01,5.038093987863758727e+00,-3.046034103303592921e+00,-2.611325823528764190e+00,1.127518436603780483e-01,-4.193613442880334552e-01
-9.432753417902498549e-01,5.082830534498007147e+00,-3.132738776866386576e+00,-2.561270879190593597e+00,1.481914594002339824e-01,-4.324555794762962035e-01
-9.003682574904515734e-01,5.128291071594519579e+00,-3.219927301057086577e+00,-2.511402272498730159e+00,1.823607669796871722e-01,-4.465411990862924174e-01
-8.601591510380335315e-01,5.174469580075426123e+00,-3.307734088140831918e+00,-2.461593367403524191e+00,2.145372382153203916e-01,-4.613705892513511597e-01
-8.231954724707359894e-01,5.221412523713762077e+00,-3.396314033469693516e+00,-2.411749621711306801e+00,2.442536708443562854e-01,-4.766705771311030015e-01
-7.897079585597962526e-01,5.269221508271463073e+00,-3.485834095296189705e+00,-2.361818154358751976e+00,2.712938578681352020e-01,-4.921878599161729761e-01
-7.596838206478354616e-01,5.318036767983314483e+00,-3.576474696062945657e+00,-2.311769139908256943e+00,2.956381939371683920e-01,-5.077155503902138767e-01
-7.329535420754967889e-01,5.368014990429119671e+00,-3.668438160909654133e+00,-2.261565076001920804e+00,3.173964250988090541e-01,-5.231009541048970979e-01
-7.092636446402570405e-01,5.419311598214244796e+00,-3.761959250981806502e+00,-2.211132658584054500e+00,3.367501042819276424e-01,-5.382413876649775331e-01
-6.883275287947340226e-01,5.472071544358553474e+00,-3.857314397696451014e+00,-2.160344528911408712e+00,3.539117139297583425e-01,-5.530748715054919495e-01
-6.698569464275294649e-01,5.526428257584154125e+00,-3.954828716906519492e+00,-2.109011395772124153e+00,3.690988953412860929e-01,-5.675700127754180757e-01
-6.535796195700964706e-01,5.582508459470174600e+00,-4.054881632514388379e+00,-2.056881427500596438e+00,3.825196523185949715e-01,-5.817170765043025993e-01
-6.392480064616699043e-01,5.640440443375807078e+00,-4.157912695595690877e+00,-2.003642924638505463e+00,3.943646592441034660e-01,-5.955208511635077251e-01
-6.266428168630332474e-01,5.700364108386939854e+00,-4.264429307962386062e+00,-1.948926855943899694e+00,4.048038416328134659e-01,-6.089952605365299698e-01
-6.155736269067987321e-01,5.762441930449398342e+00,-4.375017976381707641e+00,-1.892306808756518910e+00,4.139853580877362882e-01,-6.221594315046730106e-01
-6.058780709072855153e-01,5.826870827267702779e+00,-4.490360722074225208e+00,-1.833294686272589846e+00,4.220357914253699549e-01,-6.350348735205406658e-01
-5.974205463586628184e-01,5.893895470900860190e+00,-4.611258490148165912e+00,-1.771330874586818371e+00,4.290607792284054645e-01,-6.476434423279723296e-01
-5.900910665261831500e-01,5.963824069608352652e+00,-4.738663887874031033e+00,-1.705767606474104969e+00,4.351455475411901141e-01,-6.600057908744360047e-01
-5.838047667180206179e-01,6.037048037683700130e+00,-4.873726281780164982e+00,-1.635843978870447524e+00,4.403549041703522238e-01,-6.721400236959251817e-01
-5.785025889002446409e-01,6.114067276803974771e+00,-5.017852943516981412e+00,-1.560650786906216725e+00,4.447322168463351266e-01,-6.840602420109845871e-01
-5.741538478558498859e-01,6.195522718198618328e+00,-5.172789626854133793e+00,-1.479083689516812461e+00,4.482967293082740778e-01,-6.957745590419747161e-01
-5.707617724476854448e-01,6.282236243741365023e+00,-5.340719657904166695e+00,-1.389786231947625517e+00,4.510382033132678270e-01,-7.072819113880181030e-01
-5.683737808580539008e-01,6.375251663394709389e+00,-5.524362904849773770e+00,-1.291096022031674728e+00,4.529072524468197303e-01,-7.185664677338005069e-01
-5.670990676419737087e-01,6.475848697652730301e+00,-5.726996728348730414e+00,-1.181045882332922403e+00,4.537989516510861354e-01,-7.295874623638445300e-01
-5.671357847221897286e-01,6.585436545052606228e+00,-5.952143550712954756e+00,-1.057585562432496573e+00,4.535274939621269930e-01,-7.402609373088678835e-01
-5.688026051922221438e-01,6.705068112617891707e+00,-6.202221789154594767e+00,-9.194729185326285803e-01,4.517963430963212734e-01,-7.504305115455472963e-01
-5.725362354321679170e-01,6.834082514409527853e+00,-6.474828508939071803e+00,-7.686680810023088783e-01,4.481985744131793403e-01,-7.598393796522785459e-01
-5.787518796937242138e-01,6.967980231272373537e+00,-6.756949865123705656e+00,-6.139807860621631086e-01,4.423422089598183504e-01,-7.681728917642108856e-01
-5.875682003347979521e-01,7.099015447098847353e+00,-7.026542229887941637e+00,-4.699027453697627310e-01,4.341036312117684814e-01,-7.752659031771127474e-01
-5.988452186670978339e-01,7.222244639117916698e+00,-7.268851583505943736e+00,-3.461522046760849847e-01,4.236006641431457886e-01,-7.812562650792406194e-01
-6.125848867779262186e-01,7.337947368942795201e+00,-7.482954290691358423e+00,-2.436925978519394187e-01,4.108279060674644434e-01,-7.863913642592128550e-01
-6.290845449739346229e-01,7.448414526972058525e+00,-7.673162330277108367e+00,-1.603012895859826092e-01,3.955114147614994802e-01,-7.908432782033367747e-01
-6.488958059004878987e-01,7.555941565365862367e+00,-7.843635869197649768e+00,-9.397944511843626947e-02,3.771432347687602160e-01,-7.946993385381354580e-01
-6.727888934880134064e-01,7.662443686050993463e+00,-7.997326237145628625e+00,-4.360267664263266230e-02,3.550128865915376242e-01,-7.979986703664736503e-01
-7.017207350060511439e-01,7.769502507540674507e+00,-8.136092555436038154e+00,-8.832107355740720367e-03,3.282359256194828934e-01,-8.007687976755989423e-01
-7.367383139671446202e-01,7.878437836056503940e+00,-8.260942343828052259e+00,1.006670963305490718e-02,2.958420652605697754e-01,-8.030688588709976594e-01
-7.787067895346582169e-01,7.990309053911335724e+00,-8.372206755857112270e+00,1.240666280144682269e-02,2.570247164893167402e-01,-8.050517143644553286e-01
-8.277294104174791611e-01,8.105810368440527824e+00,-8.469659800623857038e+00,-2.688968157379262314e-03,2.116752241583654270e-01,-8.070423214783994936e-01
-8.822882521400112754e-01,8.225065729336737519e+00,-8.552659347895243513e+00,-3.593565818030788894e-02,1.611767874473846729e-01,-8.095797450592364664e-01
-9.387117814231040747e-01,8.347460082117489577e+00,-8.620424343883493989e+00,-8.744812172940860662e-02,1.089012677064889745e-01,-8.133015904181279954e-01
-9.920578534263273518e-01,8.471766317250954970e+00,-8.672448857595341565e+00,-1.564745985726480326e-01,5.940328518228795568e-02,-8.186241124515436507e-01
-1.038287530623776656e+00,8.596578352624026920e+00,-8.708774851276489315e+00,-2.415759305033573778e-01,1.641886426509646391e-02,-8.254858138672274137e-01
-1.075686555813785805e+00,8.720649795522353642e+00,-8.729890920472497484e+00,-3.410619438580695384e-01,-1.845130453590797942e-02,-8.334560650491521505e-01
-1.104515107218871695e+00,8.842921367796138910e+00,-8.736454952850380096e+00,-4.532798827448653589e-01,-4.542741742394383608e-02,-8.420333741497518787e-01
-1.125963897394546498e+00,8.962405554330034718e+00,-8.729111111032898052e+00,-5.766691146725889672e-01,-6.559240903267188338e-02,-8.508234107519436762e-01
-1.141411264207773613e+00,9.078093177610393028e+00,-8.708435812952172839e+00,-7.097132967002994786e-01,-8.020741941061787506e-02,-8.595660150824284695e-01
-1.152108888170785050e+00,9.188914872356010122e+00,-8.674947283661952113e+00,-8.508845288465733958e-01,-9.042105970117149394e-02,-8.681058321111259080e-01
-1.159111515160970329e+00,9.293742748522291208e+00,-8.629132509975480758e+00,-9.986099515866787568e-01,-9.720365692478896702e-02,-8.763622648000246596e-01
-1.163300992707755999e+00,9.391419544982927192e+00,-8.571471593678475998e+00,-1.151269495477152294e+00,-1.013687754779346584e-01,-8.843106821922237515e-01
-1.165430397039258992e+00,9.480809010847384144e+00,-8.502450912020202978e+00,-1.307229154625529688e+00,-1.036134602309634056e-01,-8.919710593827511191e-01
-1.166156945250417021e+00,9.560861156069503153e+00,-8.422561218127693650e+00,-1.464908816848929929e+00,-1.045481247232973587e-01,-8.993984512070544168e-01
-1.166052508975291779e+00,9.630681703385533865e+00,-8.332280144024533541e+00,-1.622874756175238797e+00,-1.047056115720546715e-01,-9.066720774225596191e-01
-1.165593182756420987e+00,9.689591081543055040e+00,-8.232041105402485570e+00,-1.779938784616546643e+00,-1.045307418664026267e-01,-9.138828038429016587e-01
-1.165139873576463980e+00,9.737158073726952523e+00,-8.122191462185982758e+00,-1.935243819355299655e+00,-1.043615400307859736e-01,-9.211210049624536378e-01
-1.164926559942813578e+00,9.773198017665789550e+00,-8.002942133496667054e+00,-2.088320906557414425e+00,-1.044177395519408913e-01,-9.284673854160209183e-01
-1.165067241427229838e+00,9.797734017938822149e+00,-7.874310017944996076e+00,-2.239113015932036266e+00,-1.048069171280450185e-01,-9.359883654733663905e-01
-1.165580366841442395e+00,9.810928572501572020e+00,-7.736054014814108371e+00,-2.387971706594609334e+00,-1.055471297154430693e-01,-9.437360610758749324e-01
-1.166420458782658320e+00,9.812998346679083994e+00,-7.587604340375566636e+00,-2.535640198716600402e+00,-1.065964052136158524e-01,-9.517518131485206423e-01
-1.167505997310201549e+00,9.804124905598921913e+00,-7.427983345047200814e+00,-2.683238279917624869e+00,-1.078788043195179486e-01,-9.600720750056856989e-01
-1.168737345581161158e+00,9.784371511293741719e+00,-7.255717649455286633e+00,-2.832259843424148382e+00,-1.093011865547197509e-01,-9.687360191786825725e-01
-1.170003060493387759e+00,9.753616830354321365e+00,-7.068755407027304649e+00,-2.984579889706186151e+00,-1.107590842116123186e-01,-9.777950755995602483e-01
-1.171174600177596892e+00,9.711531843676587172e+00,-6.864452883523020965e+00,-3.142432106395647295e+00,-1.121316406592997306e-01,-9.873254091864555049e-01
-1.172088697839428706e+00,9.657680534408619621e+00,-6.639843941513428049e+00,-3.308223082937996828e+00,-1.132648386843566474e-01,-9.974442546219937089e-01
-1.172517169006149773e+00,9.591962114604404732e+00,-6.392775383278025636e+00,-3.483821549296717279e+00,-1.139426483415652697e-01,-1.008326589428481856e+00
-1.172138343173679376e+00,9.515800461341475724e+00,-6.125004509177607304e+00,-3.668655640231699433e+00,-1.138592633091735501e-01,-1.020199222995193722e+00
-1.170576909290972134e+00,9.434008455469818699e+00,-5.847111049386009896e+00,-3.856759791676156901e+00,-1.126555338745082596e-01,-1.033249106006292495e+00
-1.167599843540013671e+00,9.354508885347996738e+00,-5.577795982772027372e+00,-4.037400703613835518e+00,-1.101038018580884070e-01,-1.047428411089729172e+00
-1.163271324544507435e+00,9.283208132520332612e+00,-5.330505127735649218e+00,-4.203366200549554677e+00,-1.062565762131516822e-01,-1.062421091833934295e+00
-1.157778382998841282e+00,9.221204639189021890e+00,-5.106393782046851904e+00,-4.354948979525315345e+00,-1.012838443552263878e-01,-1.077893715901292016e+00
-1.151242282174797626e+00,9.167343037948425533e+00,-4.901133339809092604e+00,-4.495546591305210171e+00,-9.529440119742035864e-02,-1.093634642785952460e+00
-1.143701423210206514e+00,9.120261569320481598e+00,-4.710109699078476986e+00,-4.628538512033774310e+00,-8.831884030219745718e-02,-1.109525686609625916e+00
-1.135144939838184541e+00,9.078918635847230689e+00,-4.529631963338980327e+00,-4.756650359244973814e+00,-8.034099495651252087e-02,-1.125497474585838154e+00
-1.125542694117487308e+00,9.042610873053360976e+00,-4.356876940612228744e+00,-4.882054186499987125e+00,-7.132640966686876194e-02,-1.141503937058214069e+00
-1.114870747820551955e+00,9.010901528496573221e+00,-4.189648862648468253e+00,-5.006551130484795387e+00,-6.124689954071686065e-02,-1.157508934771849685e+00
-1.103137922949184002e+00,8.983549126579026378e+00,-4.026179610765271200e+00,-5.131708068512904397e+00,-5.010655154588258831e-02,-1.173478200984621633e+00
-1.090416237436421909e+00,8.960441527725174993e+00,-3.864992414306386070e+00,-5.258933983800729628e+00,-3.797185449024840370e-02,-1.189373072001970622e+00
-1.076872856658496636e+00,8.941520024594229454e+00,-3.704820067089618973e+00,-5.389491298623762638e+00,-2.500363935143626315e-02,-1.205144310595495760e+00
-1.062793249912653337e+00,8.926670326767084163e+00,-3.544571411652989834e+00,-5.524425772878952756e+00,-1.148064504315063523e-02,-1.220725570827758899e+00
-1.048575680194425264e+00,8.915555668050849647e+00,-3.383345765348879652e+00,-5.664389632962188337e+00,2.205051977651067280e-03,-1.236027709694047516e+00
-1.034673475401377996e+00,8.907386012306773182e+00,-3.220490990879884663e+00,-5.809353007612441111e+00,1.560438455109191928e-02,-1.250937835352806671e+00
-1.021478163614595314e+00,8.900684248554846079e+00,-3.055672412010597139e+00,-5.958291485176506974e+00,2.832681636188686888e-02,-1.265329792800979680e+00
-1.009181065082682682e+00,8.893223254119460464e+00,-2.888867720627415814e+00,-6.109103616140982851e+00,4.017825984496689595e-02,-1.279091166760269571e+00
-9.976934029620575517e-01,8.882337433560504536e+00,-2.720192685088591578e+00,-6.259063144439314996e+00,5.124189183870718478e-02,-1.292159668817012497e+00
-9.866802216064527453e-01,8.865561906460900587e+00,-2.549586473760068639e+00,-6.405752008167862499e+00,6.184614834545659745e-02,-1.304545507748790412e+00
-9.756692681439560477e-01,8.841188913224920398e+00,-2.376545575326943993e+00,-6.547893025694512481e+00,7.245753229847765042e-02,-1.316320906399650825e+00
-9.641442569273316332e-01,8.808381628538432651e+00,-2.200045533240440943e+00,-6.685574585058498442e+00,8.358803872562714510e-02,-1.327586426651239382e+00
-9.515759839041804113e-01,8.766907502501137373e+00,-2.018593395342612062e+00,-6.819962456378158677e+00,9.576391493551597578e-02,-1.338439263063320395e+00
-9.374005811669526844e-01,8.716768066362551082e+00,-1.830277162064955832e+00,-6.952896518365219158e+00,1.095469864263833026e-01,-1.348956677019706785e+00
-9.209647617211729198e-01,8.657896935261200966e+00,-1.632731563339802516e+00,-7.086626928658284363e+00,1.255890067600323179e-01,-1.359192366016774844e+00
-9.014432228356814569e-01,8.589945900423355596e+00,-1.422991389116968319e+00,-7.223744942927845969e+00,1.447139361619628750e-01,-1.369179206168964935e+00
-8.777167150020461772e-01,8.512111050378269539e+00,-1.197210096673050561e+00,-7.367287113401228993e+00,1.680396160527713456e-01,-1.378934048173248605e+00
-8.481844231548130164e-01,8.422941401757997326e+00,-9.502041437389835421e-01,-7.520996531486797032e+00,1.971651490174695376e-01,-1.388463444774919564e+00
-8.104742299496553448e-01,8.320093310235623818e+00,-6.747945778252253390e-01,-7.689731729155124818e+00,2.344603927023189427e-01,-1.397772408717587789e+00
-7.610541736395168844e-01,8.200110100865163787e+00,-3.611686324468844633e-01,-7.879873112305494587e+00,2.834543535205833464e-01,-1.406884257002701144e+00
-6.951185138011212183e-01,8.058935974075884801e+00,1.971190160128755142e-03,-8.098642178484968923e+00,3.489497467339638948e-01,-1.415895462741189048e+00
-6.090761731232324783e-01,7.896565264926387329e+00,4.160128511433617282e-01,-8.347196056469503134e+00,4.345389363367891944e-01,-1.425113634220226411e+00
-5.117144228126703220e-01,7.731691203809821999e+00,8.365285714330429334e-01,-8.599089271086409525e+00,5.314533116961872583e-01,-1.435150645619641674e+00
-4.269862085268280039e-01,7.594894787707325179e+00,1.191573231126735966e+00,-8.812330888150100350e+00,6.157711696020548020e-01,-1.446135388556794021e+00
-3.610097283597002438e-01,7.486015079206725709e+00,1.484391389463451061e+00,-8.990326504446812805e+00,6.813765145167254289e-01,-1.457395062758605198e+00
-3.087039313536676932e-01,7.395985552229515037e+00,1.738082684940982947e+00,-9.147456712248645871e+00,7.333383309509168280e-01,-1.468570747262379239e+00
-2.658075862025566227e-01,7.319468076930600198e+00,1.966465306631227428e+00,-9.292367311324586154e+00,7.759085027922771882e-01,-1.479570189884301445e+00
-2.295625245941047554e-01,7.253602872535930501e+00,2.177591730358165112e+00,-9.430326616272171947e+00,8.118391509388780403e-01,-1.490388890246991505e+00
-1.981578471822805776e-01,7.196835892860836026e+00,2.376604812943362788e+00,-9.564951817702894488e+00,8.429372232177266833e-01,-1.501051013047374205e+00
-1.703303840695097326e-01,7.148308505355730702e+00,2.567079447871106535e+00,-9.698956995224245148e+00,8.704631940010413294e-01,-1.511590978481463843e+00
-1.451222649523847830e-01,7.107469891537164131e+00,2.751644950526356936e+00,-9.834395653877459509e+00,8.953729671984118621e-01,-1.522046032821607442e+00
-1.217346624271233579e-01,7.073729461218927206e+00,2.932247201960597405e+00,-9.972582618882142924e+00,9.184637481330285569e-01,-1.532449503201868346e+00
-9.945816709978834436e-02,7.046093056285034351e+00,3.110214981978346671e+00,-1.011380958477831626e+01,9.404433134643169767e-01,-1.542820413504402577e+00
-7.769709486338176319e-02,7.022882353656711985e+00,3.286271208241427821e+00,-1.025709697134574050e+01,9.619053711704707021e-01,-1.553150482190414738e+00
-5.609671847402186717e-02,7.001782703510027517e+00,3.460660063333324654e+00,-1.040039087368602821e+01,9.832021887622818257e-01,-1.563398077181926915e+00
-3.468867664163826497e-02,6.980344287886214083e+00,3.633469659639554816e+00,-1.054139235841888933e+01,1.004299514591732390e+00,-1.573501836662859255e+00
-1.388245896472431115e-02,6.956616444153102208e+00,3.804989480347809039e+00,-1.067853039231284384e+01,1.024785882678902471e+00,-1.583410394437522406e+00
5.752763246600022667e-03,6.929429585095976840e+00,3.975875764855777206e+00,-1.081138197359047126e+01,1.044091482144975380e+00,-1.593104458286030312e+00
2.374901862483711976e-02,6.898254117298641575e+00,4.147116651664057407e+00,-1.094048022111262242e+01,1.061749111932207557e+00,-1.602596167657887483e+00
3.986720345096739226e-02,6.862907245643603105e+00,4.319939378937499797e+00,-1.106692625760852167e+01,1.077521376693914457e+00,-1.611914456611107438e+00
5.408127952674447042e-02,6.823312888057178505e+00,4.495756964595467586e+00,-1.119210039411909641e+01,1.091384315221135992e+00,-1.621090958918698366e+00
6.650114092330078330e-02,6.779354610555193617e+00,4.676174681775425057e+00,-1.131752742714546933e+01,1.103449894628402150e+00,-1.630152212649224497e+00
7.729776427537408956e-02,6.730791298696153113e+00,4.863047476138576464e+00,-1.144485523989390074e+01,1.113891027474344764e+00,-1.639116993925326060e+00
8.665156579212181243e-02,6.677202103793666410e+00,5.058578606662091914e+00,-1.157590384171115261e+01,1.122889975059379486e+00,-1.647996097655874737e+00
9.472127287076125002e-02,6.617941765293819500e+00,5.265450021945460968e+00,-1.171275765567462024e+01,1.130607400299517451e+00,-1.656792636613476422e+00
1.016238607485262374e-01,6.552107382526319412e+00,5.486954110906516746e+00,-1.185787377415980970e+01,1.137162637105963547e+00,-1.665501746592527255e+00
1.074157881890226707e-01,6.478559003130071048e+00,5.727006864390214780e+00,-1.201413187367270829e+01,1.142615509649401062e+00,-1.674108933640088726e+00
1.120670144514897409e-01,6.396151446010704511e+00,5.989628534152920736e+00,-1.218457375444928914e+01,1.146941375264671548e+00,-1.682586447704880417e+00
1.154273547267962302e-01,6.304623326823586282e+00,6.276712999391394376e+00,-1.237109875109066337e+01,1.149999053374235913e+00,-1.690888459165438285e+00
1.172290734355979774e-01,6.206878673011645198e+00,6.582121440393338574e+00,-1.257084458285416062e+01,1.151534368379977913e+00,-1.698953659297779861e+00
1.172704725681809057e-01,6.111480007758732569e+00,6.885211921163167048e+00,-1.277204121299268280e+01,1.151358944203720647e+00,-1.706741039688130845e+00
1.157493540125921622e-01,6.028512294981927866e+00,7.161875985052120974e+00,-1.296057343129460726e+01,1.149671372472680142e+00,-1.714290702867551808e+00
1.131448340530364360e-01,5.961434913358689691e+00,7.405715314001406924e+00,-1.313309269075669583e+01,1.146939274653377083e+00,-1.721696641769136393e+00
1.098346949667996370e-01,5.908966640462441688e+00,7.622544573656345079e+00,-1.329379420678130508e+01,1.143529416377450758e+00,-1.729028124279903933e+00
1.060500409446007430e-01,5.869361254894694291e+00,7.819187369734733828e+00,-1.344756649851255759e+01,1.139665751968677032e+00,-1.736316921858229501e+00
1.019569929015381876e-01,5.841526728566313942e+00,8.000752883236476265e+00,-1.359832616642888325e+01,1.135509195886523104e+00,-1.743569583909268195e+00
9.771542510527843339e-02,5.825003228441094194e+00,8.170814585965329613e+00,-1.374912938121561545e+01,1.131214552781427685e+00,-1.750774729397841289e+00
9.351438325759206527e-02,5.819793823092505924e+00,8.331881153115977767e+00,-1.390244932335636463e+01,1.126964696376040242e+00,-1.757905587006853398e+00
8.959300568777808782e-02,5.826212079079454043e+00,8.485739747886130502e+00,-1.406035260342615700e+01,1.122990642346776147e+00,-1.764921372357750817e+00
8.624458488112307641e-02,5.844740739099478333e+00,8.633673347363435724e+00,-1.422456411947105615e+01,1.119575262749156863e+00,-1.771771001678612567e+00
8.379306324172025588e-02,5.875874494349252686e+00,8.776596611077229326e+00,-1.439643495701479381e+01,1.117030332263781123e+00,-1.778402916187056260e+00
8.253189319752290976e-02,5.919926853644478904e+00,8.915144958256572494e+00,-1.457682741371113266e+01,1.115637254331310002e+00,-1.784783623200649538e+00
8.263350116810419532e-02,5.976801940238013700e+00,9.049741028646634433e+00,-1.476594411298352050e+01,1.115559543724648384e+00,-1.790922270214684087e+00
8.407046556213977617e-02,6.045767537901692634e+00,9.180657820868235675e+00,-1.496316172638291775e+01,1.116766874187332004e+00,-1.796889745521676351e+00
8.660435135647071014e-02,6.125304966111026594e+00,9.308096915552345862e+00,-1.516696957908711774e+01,1.119024727393591156e+00,-1.802816756572076295e+00
8.986081851095346906e-02,6.213123055836997644e+00,9.432293681553764131e+00,-1.537511501876263686e+01,1.121967526061247611e+00,-1.808865465620012047e+00
9.344731948069590066e-02,6.306373800480230329e+00,9.553636783702174284e+00,-1.558497411986338221e+01,1.125212918866196121e+00,-1.815187585562187067e+00
9.704979041197503431e-02,6.402005403620909973e+00,9.672757299102055839e+00,-1.579402441278775981e+01,1.128455628161764146e+00,-1.821889818616293955e+00
1.004784049082634162e-01,6.497111541928091150e+00,9.790541839535142898e+00,-1.600022024377870622e+01,1.131511771226768603e+00,-1.829018598813654251e+00
1.036710111134636902e-01,6.589158928611683841e+00,9.908067618506814611e+00,-1.620214915562725366e+01,1.134321882860381603e+00,-1.836562137319167176e+00
1.066739569434739798e-01,6.676070290510898175e+00,1.002650245829857667e+01,-1.639899732047073400e+01,1.136931736489259714e+00,-1.844461377149259951e+00
1.096110890960629441e-01,6.756212064002325768e+00,1.014701821002261006e+01,-1.659043081138809228e+01,1.139461602502579440e+00,-1.852623846818779230e+00
1.126426802007243488e-01,6.828344868240950660e+00,1.027074181542364961e+01,-1.677647988904031706e+01,1.142065971771677679e+00,-1.860939026296670962e+00
1.159181777204862790e-01,6.891568778022867825e+00,1.039874519523612584e+01,-1.695746083768526802e+01,1.144887834568075302e+00,-1.869295034609513406e+00
1.195363451829125762e-01,6.945269949067294668e+00,1.053206667573916100e+01,-1.713393468133419972e+01,1.148020702620663247e+00,-1.877593895088608411e+00
1.235287763986760295e-01,6.989063301852390886e+00,1.067175770983776140e+01,-1.730669116999708734e+01,1.151493487526893622e+00,-1.885760709895387466e+00
1.278701454530610515e-01,7.022726162542060280e+00,1.081895098507296460e+01,-1.747674877447189701e+01,1.155280993414813828e+00,-1.893744418514456074e+00
1.325030379629202060e-01,7.046122978433317918e+00,1.097494764923560062e+01,-1.764536797196248941e+01,1.159328042272043557e+00,-1.901512283009551441e+00
1.373617902986672690e-01,7.059124656925060748e+00,1.114132439584754763e+01,-1.781408148506731592e+01,1.163572312012055354e+00,-1.909042260838209382e+00
1.423869146275181519e-01,7.061525819170590523e+00,1.132006518763897418e+01,-1.798474925431511551e+01,1.167958032695741499e+00,-1.916316220883681032e+00
1.475289942630046702e-01,7.052962582413971226e+00,1.151372239344363457e+01,-1.815964592883034356e+01,1.172439719321194396e+00,-1.923314954013978451e+00
1.527429722426030256e-01,7.032839667524983795e+00,1.172559449353594552e+01,-1.834157828117151823e+01,1.176977081764839062e+00,-1.930014948562351007e+00
1.579705264522313080e-01,7.000306487412136569e+00,1.195982883947083231e+01,-1.853398369229078924e+01,1.181519323255773912e+00,-1.936387435918135225e+00
1.630996377092919780e-01,6.954431075613308089e+00,1.222107713270600904e+01,-1.874079054687322810e+01,1.185969312738116344e+00,-1.942403097606277163e+00
1.678763288873642845e-01,6.895043191572367114e+00,1.251248452596517602e+01,-1.896529141991156209e+01,1.190105437485673434e+00,-1.948054019892880184e+00
1.717525500079728762e-01,6.825273393380300924e+00,1.282929661301062829e+01,-1.920629436085330966e+01,1.193446505834181881e+00,-1.953418253702460028e+00
1.738485020351059063e-01,6.755439001889206985e+00,1.314889051639500117e+01,-1.945183642987946371e+01,1.195216554366071326e+00,-1.958758820911562948e+00
1.735289986845874877e-01,6.699782293156416380e+00,1.343929594501842750e+01,-1.968400021855200066e+01,1.194852615274263563e+00,-1.964449714110488854e+00
1.709420337114763988e-01,6.664546743380388882e+00,1.368944462748718394e+01,-1.989735496689222671e+01,1.192482499029968279e+00,-1.970685845779250878e+00
1.664535303718635284e-01,6.648886177486253324e+00,1.390554834974540377e+01,-2.009679955617795244e+01,1.188426992610082333e+00,-1.977499272710901312e+00
1.602541195377549244e-01,6.650984594749663081e+00,1.409524718369937801e+01,-2.028790076821599797e+01,1.182852188156555018e+00,-1.984906529166742706e+00
1.523679207563570503e-01,6.669645417861714165e+00,1.426387256760017053e+01,-2.047463735236777893e+01,1.175776872618311986e+00,-1.992952050820338217e+00
1.426955537238113192e-01,6.704210633807938358e+00,1.441476921917877974e+01,-2.065957738950343270e+01,1.167110334972244479e+00,-2.001716249563319838e+00
1.310208960529623268e-01,6.754286035633860763e+00,1.454992585205729227e+01,-2.084420598730678620e+01,1.156658253446534168e+00,-2.011324018144143189e+00
1.169873927382195644e-01,6.819506306674343321e+00,1.467041801374458565e+01,-2.102912195232613257e+01,1.144101836539095363e+00,-2.021959013805595173e+00
1.000537583312897105e-01,6.899358734428826523e+00,1.477669738367858265e+01,-2.121414928462250415e+01,1.128959070549072186e+00,-2.033882265756626229e+00
7.943745114427394616e-02,6.993070544430573854e+00,1.486879174310336715e+01,-2.139842977056435558e+01,1.110535721285113686e+00,-2.047452133228749194e+00
5.405261352982122097e-02,7.099570508166796579e+00,1.494645229471357162e+01,-2.158054125760001085e+01,1.087872299362169448e+00,-2.063142731689517895e+00
2.245338827715642749e-02,7.217528701454577700e+00,1.500925862525667043e+01,-2.175865165378020549e+01,1.059696975061996893e+00,-2.081555887913392411e+00
-1.717906219313279637e-02,7.345453140023874283e+00,1.505667415137365950e+01,-2.193067581549994571e+01,1.024418733246171609e+00,-2.103409310360980111e+00
-6.688476370045134956e-02,7.481780098036305837e+00,1.508804437410932131e+01,-2.209436378539763268e+01,9.802679754367468190e-01,-2.129447561516930154e+00
-1.283098142681568798e-01,7.624840327594630374e+00,1.510256146102348929e+01,-2.224723534113674006e+01,9.258466296728214973e-01,-2.160150667022656457e+00
-2.011471795532360773e-01,7.772550047685545138e+00,1.509929958094017088e+01,-2.238633691424055527e+01,8.615033144572955548e-01,-2.195062538104707972e+00
-2.807307434800946355e-01,7.921869974298282990e+00,1.507751939383093642e+01,-2.250807762521364452e+01,7.914251320461822559e-01,-2.231870338999813796e+00
-3.575437769737153104e-01,8.068807733981435248e+00,1.503728854103368739e+01,-2.260889428042495908e+01,7.240000185706036984e-01,-2.266496853448287663e+00
-4.222877561235713340e-01,8.209822670928444310e+00,1.497986244734867611e+01,-2.268689781367356417e+01,6.673131139956489655e-01,-2.295492408334201873e+00
-4.715854109436335984e-01,8.343184134604122448e+00,1.490720368718355893e+01,-2.274253225499192510e+01,6.242029591932585220e-01,-2.318147697151131670e+00
-5.071703022649864945e-01,8.468695708601538641e+00,1.482117232902536585e+01,-2.277746930676418557e+01,5.930638987192127232e-01,-2.335650839598108597e+00
-5.323278441353154200e-01,8.586863208135239844e+00,1.472320722565455497e+01,-2.279356990554142826e+01,5.709832718219053360e-01,-2.349497265872425356e+00
-5.499949542602159402e-01,8.698445476492494777e+00,1.461439175829940496e+01,-2.279257812523536941e+01,5.553845105876891175e-01,-2.360851089332869357e+00
-5.623488599093870999e-01,8.804311690556218650e+00,1.449555401714348157e+01,-2.277610435416540113e+01,5.443684939093595965e-01,-2.370505848656214720e+00
-5.709073991544058035e-01,8.905399348704422735e+00,1.436729705093310017e+01,-2.274561697315941444e+01,5.366164478472871258e-01,-2.378986474084981317e+00
-5.767084980782279935e-01,9.002691560146987015e+00,1.422997813048066895e+01,-2.270239614457451438e+01,5.312291210995987445e-01,-2.386642723159749124e+00
-5.804574056970466245e-01,9.097200160792148438e+00,1.408366714934778940e+01,-2.264747143980009270e+01,5.275966595811274473e-01,-2.393712691745867538e+00
-5.826297498628116855e-01,9.189958680106458999e+00,1.392809964143308044e+01,-2.258156390809546465e+01,5.253081043426344188e-01,-2.400363207731064374e+00
-5.835394584422097797e-01,9.282028469417694438e+00,1.376262820534574516e+01,-2.250503959388334607e+01,5.240919279674113307e-01,-2.406715576628828845e+00
-5.833813235781218909e-01,9.374516368375674702e+00,1.358617388745888732e+01,-2.241787390487836262e+01,5.237787473547693695e-01,-2.412862628758131400e+00
-5.822550035953583114e-01,9.468595035636237611e+00,1.339719117296829864e+01,-2.231963075417734998e+01,5.242800946652721450e-01,-2.418880927325159469e+00
-5.801744618646876850e-01,9.565501209324661858e+00,1.319370188442263725e+01,-2.220948584028139905e+01,5.255796034959616669e-01,-2.424840765775828633e+00
-5.770656297341075769e-01,9.666445965936006246e+00,1.297356574663072948e+01,-2.208639473652063145e+01,5.277340385387556676e-01,-2.430815770886669558e+00
-5.727586998362449444e-01,9.772276665129354001e+00,1.273541100255589775e+01,-2.194967038145864535e+01,5.308786095159995222e-01,-2.436892220024957201e+00
-5.669987021307500985e-01,9.882609922358261301e+00,1.248097264778155413e+01,-2.180045109973712059e+01,5.352168236185587125e-01,-2.443171524800712202e+00
-5.595314012283256755e-01,9.994459941233994726e+00,1.221876287081995116e+01,-2.164405356322027885e+01,5.409481537128342232e-01,-2.449741808907108354e+00
-5.502825749938222710e-01,1.010217585912577221e+01,1.196419225577002088e+01,-2.149018242747537144e+01,5.481204636350704984e-01,-2.456592583276181685e+00
-5.394098991372714424e-01,1.020100803220988261e+01,1.172997960489750824e+01,-2.134700108012446051e+01,5.565902766359518417e-01,-2.463551742916138654e+00
-5.270850128084849651e-01,1.028996410067917822e+01,1.151860712039687229e+01,-2.121628709690040893e+01,5.662040107712544845e-01,-2.470369898605002223e+00
-5.133424731143926278e-01,1.037025912095387703e+01,1.132659111932853513e+01,-2.109598706233445142e+01,5.769206977692753480e-01,-2.476824025348516756e+00
-4.980945776900846389e-01,1.044341874056955710e+01,1.114958011848226960e+01,-2.098340369955898410e+01,5.887978210359036124e-01,-2.482728945381820207e+00
-4.811701058361907424e-01,1.051067486044120081e+01,1.098396082296434884e+01,-2.087623141862151854e+01,6.019581772815436604e-01,-2.487913458705273584e+00
-4.623318522241056661e-01,1.057292128809870846e+01,1.082697158475200538e+01,-2.077265077599294330e+01,6.165743935152420141e-01,-2.492198481824922762e+00
-4.412784392181956505e-01,1.063078695782093419e+01,1.067651117608757261e+01,-2.067122459052267658e+01,6.328662336800827681e-01,-2.495380165845714870e+00
-4.176373890703051206e-01,1.068471230951003470e+01,1.053095053433677819e+01,-2.057079396519583270e+01,6.511047943322727516e-01,-2.497214797443094270e+00
-3.909530194894164645e-01,1.073501271122333556e+01,1.038899598899145182e+01,-2.047040986412751451e+01,6.716205745811487660e-01,-2.497402982781332437e+00
-3.606716212494557317e-01,1.078193432169302035e+01,1.024959901795292971e+01,-2.036930230920180307e+01,6.948133812040577784e-01,-2.495571807749353610e+00
-3.261279619719090195e-01,1.082571099521531721e+01,1.011190206825091131e+01,-2.026688599414084990e+01,7.211608944995093751e-01,-2.491255237102487641e+00
-2.865429682615909246e-01,1.086662903987645379e+01,9.975212972372029085e+00,-2.016280155612860270e+01,7.512184057752844257e-01,-2.483876399414210567e+00
-2.410568308834315499e-01,1.090509942276706923e+01,9.839002490267530376e+00,-2.005698548113259605e+01,7.855915764051035755e-01,-2.472743712028827368e+00
-1.888521951689857425e-01,1.094171799326401739e+01,9.702916706339619779e+00,-1.994973803749422814e+01,8.248417258343112568e-01,-2.457091734136798600e+00
-1.294691415555549452e-01,1.097725771594613597e+01,9.566785606423696464e+00,-1.984170940797043414e+01,8.692492239973518275e-01,-2.436231851411513993e+00
-6.341962086233147999e-02,1.101250584735696769e+01,9.430594725480069940e+00,-1.973367940985530566e+01,9.183588335487493648e-01,-2.409903486930048633e+00
7.041970911996361937e-03,1.104794222425202044e+01,9.294393610289771956e+00,-1.962611012738229022e+01,9.704208195799050030e-01,-2.378810032695410914e+00
7.779950102972310599e-02,1.108355595449753039e+01,9.158183327615812885e+00,-1.951885050047118852e+01,1.022330561037315011e+00,-2.344926129288072314e+00
1.442909600688666583e-01,1.111919748274243958e+01,9.021898938352954644e+00,-1.941153932404715476e+01,1.070704942232648005e+00,-2.310928079729974716e+00
2.035051628975602656e-01,1.115514444129988192e+01,8.885488540264633528e+00,-1.930432980058193593e+01,1.113359978643969406e+00,-2.279011665493784200e+00
2.545913213802375452e-01,1.119215561350492116e+01,8.748920016233615371e+00,-1.919795634310811749e+01,1.149735113467668102e+00,-2.250260461085169528e+00
2.981068123329941311e-01,1.123109896645888561e+01,8.612082548744153243e+00,-1.909321841107527362e+01,1.180310945785282728e+00,-2.224856593618178557e+00
3.351314217908000770e-01,1.127265903681451853e+01,8.474705037047833400e+00,-1.899057041892974951e+01,1.205942330902411319e+00,-2.202532795528680865e+00
3.667778437037280126e-01,1.131727347457479560e+01,8.336339910568161926e+00,-1.889003075363762818e+01,1.227494732374107889e+00,-2.182879764642133846e+00
3.940145759082707144e-01,1.136519682259270070e+01,8.196379832890656303e+00,-1.879126372252018484e+01,1.245715511527684560e+00,-2.165487218307110329e+00
4.176336854767110918e-01,1.141659123666943110e+01,8.054072756108773490e+00,-1.869368981496696236e+01,1.261212974273577592e+00,-2.149992691685428170e+00
4.382683745798238162e-01,1.147160294570414507e+01,7.908520668813388887e+00,-1.859656480951758795e+01,1.274471802464208769e+00,-2.136091261497534699e+00
4.564214804472190856e-01,1.153041853013408868e+01,7.758658939605578730e+00,-1.849901816530659815e+01,1.285875975029236118e+00,-2.123531529911782290e+00
4.724918267901371260e-01,1.159330708270696597e+01,7.603216443843737515e+00,-1.840005730703560261e+01,1.295729620354645339e+00,-2.112108143836589402e+00
4.867949387900666336e-01,1.166065560376316412e+01,7.440657179639188712e+00,-1.829854632286593485e+01,1.304273384040583794e+00,-2.101654716201547757e+00
4.995775416917433986e-01,1.173300217119049016e+01,7.269106662221126669e+00,-1.819316728132234928e+01,1.311696045235555719e+00,-2.092038678575997679e+00
5.110255515390389469e-01,1.181106495594002581e+01,7.086278199938137234e+00,-1.808237759075489848e+01,1.318141340831411323e+00,-2.083159075597096788e+00
5.212643374071334046e-01,1.189574928075125015e+01,6.889452775509402827e+00,-1.796439928864775482e+01,1.323709324003063736e+00,-2.074948793164449246e+00
5.303484343949189661e-01,1.198807337061288791e+01,6.675675746252267118e+00,-1.783734317458688778e+01,1.328450497445037959e+00,-2.067383931012969356e+00
5.382375016229150599e-01,1.208885595395075896e+01,6.442595929485058548e+00,-1.769973276182106403e+01,1.332350678745725769e+00,-2.060503902447169633e+00
5.447656901613866509e-01,1.219786884514423697e+01,6.190753618948346748e+00,-1.755192755773565239e+01,1.335311377609228245e+00,-2.054439786544562274e+00
5.496574608868362022e-01,1.231239263504415860e+01,5.927499084489280534e+00,-1.739855156543903547e+01,1.337160739354486649e+00,-2.049415637955523728e+00
5.526958290033977539e-01,1.242686107177583033e+01,5.668013501933634402e+00,-1.724910871613682062e+01,1.337765028847893944e+00,-2.045638643572289528e+00
5.539478557521126945e-01,1.253622664697561717e+01,5.426328170420962493e+00,-1.711241092107094275e+01,1.337177657486484872e+00,-2.043122248406624042e+00
5.536798926677688470e-01,1.263920461544891083e+01,5.206641162224850738e+00,-1.699125133372566410e+01,1.335583069409171930e+00,-2.041717887876553839e+00
5.521091520525572838e-01,1.273702619257471369e+01,5.006638778508374799e+00,-1.688450214518882220e+01,1.333132865127652167e+00,-2.041290776470504831e+00
5.493188464808861360e-01,1.283147416969922361e+01,4.822730817650577428e+00,-1.679034865601951410e+01,1.329890522203827530e+00,-2.041792780372508886e+00
5.452701291898925939e-01,1.292418678661117859e+01,4.651917563036454872e+00,-1.670743520130683990e+01,1.325840339163901316e+00,-2.043261551380628926e+00
5.398159588891675575e-01,1.301657545875708877e+01,4.492033910410143882e+00,-1.663501752558139657e+01,1.320897868718430956e+00,-2.045814043314191366e+00
5.326964255671858828e-01,1.310988480712770610e+01,4.341616534400968064e+00,-1.657288684756712627e+01,1.314908511451123196e+00,-2.049651860479816179e+00
5.235142837239485925e-01,1.320526040352567421e+01,4.199741662173721579e+00,-1.652127408468409797e+01,1.307633774687892769e+00,-2.055080686362270370e+00
5.116885373982720253e-01,1.330379725459545526e+01,4.065893991150281828e+00,-1.648076593209840723e+01,1.298724272006752001e+00,-2.062545945303209560e+00
4.963798920831778427e-01,1.340656685858421859e+01,3.939861510552448376e+00,-1.645222426199199006e+01,1.287676146578561109e+00,-2.072689464488691957e+00
4.763776198675081508e-01,1.351462657032138992e+01,3.821640877831266270e+00,-1.643669603169034943e+01,1.273765206710345321e+00,-2.086434697057069521e+00
4.499347269713988573e-01,1.362901962597928751e+01,3.711341945856020619e+00,-1.643530906152660620e+01,1.255951890131005610e+00,-2.105109193028214420e+00
4.145460605939703669e-01,1.375078014032612828e+01,3.609090413915905238e+00,-1.644916511845817197e+01,1.232755695972168830e+00,-2.130604968172353786e+00
3.667188659494216019e-01,1.388095418307957019e+01,3.514944281214180677e+00,-1.647925646514768871e+01,1.202132156901337012e+00,-2.165530652952118551e+00
3.020188797637490263e-01,1.402059228147100178e+01,3.428863777550971381e+00,-1.652640821175432606e+01,1.161526585865515937e+00,-2.213121677142781074e+00
2.164400218905780937e-01,1.417044266570049160e+01,3.350804004938341851e+00,-1.659108382230990131e+01,1.108728654068096509e+00,-2.276085660561390611e+00
1.115071223183858873e-01,1.432963000616003590e+01,3.280970943846914789e+00,-1.667249294918167735e+01,1.044910790111316601e+00,-2.352595405197965839e+00
2.369300779473476615e-03,1.449346187634226801e+01,3.219829570390763784e+00,-1.676679234634891102e+01,9.792324036558830436e-01,-2.430389967811964702e+00
-8.826415345903723675e-02,1.465516666583584460e+01,3.166865208410708732e+00,-1.686755518062516757e+01,9.248819349508509147e-01,-2.492451127056286797e+00
-1.517981572339914820e-01,1.481144835104693769e+01,3.119849991726768579e+00,-1.696974820992534916e+01,8.864674993381802537e-01,-2.533663306335713461e+00
-1.929399849028542169e-01,1.496218268793519712e+01,3.076383769963554116e+00,-1.707078592560013064e+01,8.609707365712160332e-01,-2.558686098639709972e+00
-2.183045258235934982e-01,1.510792335627546024e+01,3.034708085842117598e+00,-1.716925227933106513e+01,8.444492242920091929e-01,-2.572843576239923991e+00
-2.326878356274942328e-01,1.524906519245941006e+01,2.993580645407398322e+00,-1.726412097123881040e+01,8.340967152986920041e-01,-2.579707278365495071e+00
-2.391255236671905871e-01,1.538578530397847821e+01,2.952075752443565460e+00,-1.735451790301391739e+01,8.281505012334022808e-01,-2.581422681430359134e+00
-2.394794568971701509e-01,1.551812378504029333e+01,2.909468630050861204e+00,-1.743967355802009322e+01,8.255304126303768530e-01,-2.579251564157309051e+00
-2.348758908912142729e-01,1.564605632719223216e+01,2.865175956948820435e+00,-1.751892380610837208e+01,8.255783903736374496e-01,-2.573925163381910242e+00
-2.259737210788262396e-01,1.576954289714363711e+01,2.818725208323373366e+00,-1.759171991988825923e+01,8.279011273447280939e-01,-2.565845050128092275e+00
-2.131227410247144294e-01,1.588855877206748524e+01,2.769738265832388358e+00,-1.765763843618827167e+01,8.322778007536981715e-01,-2.555195112932979740e+00
-1.964578702044060543e-01,1.600311444461375388e+01,2.717921750173954543e+00,-1.771638851659457359e+01,8.386052606639247120e-01,-2.542004612602713820e+00
-1.759574646877498372e-01,1.611326833702816685e+01,2.663059740982228973e+00,-1.776781551234684642e+01,8.468641567681903792e-01,-2.526184653047930606e+00
-1.514829112520296173e-01,1.621913417760744380e+01,2.605006130729694558e+00,-1.781189924579910056e+01,8.570961236160471453e-01,-2.507550964965613804e+00
-1.228113344234826876e-01,1.632088357128013101e+01,2.543674893221179900e+00,-1.784874539647969272e+01,8.693854632842923369e-01,-2.485841602711778897e+00
-8.967136950588759647e-02,1.641874359463965405e+01,2.479027528873753106e+00,-1.787856871070964004e+01,8.838400700114263930e-01,-2.460736906779207533e+00
-5.179199059891873708e-02,1.651298903350829050e+01,2.411058075656178357e+00,-1.790166764156957413e+01,9.005665687445042478e-01,-2.431889642156688236e+00
-8.974512887577411335e-03,1.660392911716560604e+01,2.339777354411762822e+00,-1.791839149514686724e+01,9.196347527094046459e-01,-2.398974352596155324e+00
3.880501477112568293e-02,1.669188941768545575e+01,2.265199355712458562e+00,-1.792910327807476278e+01,9.410279435362767231e-01,-2.361764396413427836e+00
9.126679621069638815e-02,1.677719130774363876e+01,2.187333325912748094e+00,-1.793414425149615354e+01,9.645812744827657603e-01,-2.320238628308959328e+00
1.476991951079918153e-01,1.686013414839869284e+01,2.106184105353710923e+00,-1.793380906753471749e+01,9.899213127950587943e-01,-2.274702102213884469e+00
2.068911536963839726e-01,1.694098794744986947e+01,2.021759458685528976e+00,-1.792834078678081511e+01,1.016435653526110983e+00,-2.225876913383578071e+00
2.671989207791929388e-01,1.702000289316800519e+01,1.934077209356919180e+00,-1.791794885320595299e+01,1.043307613851865545e+00,-2.174898232975433388e+00
3.267779009686252456e-01,1.709743367162226946e+01,1.843161609263431533e+00,-1.790283952476572793e+01,1.069630232470416109e+00,-2.123171529744610542e+00
3.839110996406753795e-01,1.717356545552940617e+01,1.749023107011508982e+00,-1.788323708479598295e+01,1.094566047498697348e+00,-2.072122446373262150e+00
4.372912398081171270e-01,1.724872703758161663e+01,1.651626287069789978e+00,-1.785937909628238884e+01,1.117483576400229106e+00,-2.022945876913746943e+00
4.861459994536708740e-01,1.732328798442753737e+01,1.550856943507719743e+00,-1.783148756080159458e+01,1.138017177372497191e+00,-1.976458331960467829e+00
5.302011257767754726e-01,1.739764820265436995e+01,1.446496014731869950e+00,-1.779973134685425862e+01,1.156047821556999144e+00,-1.933082187527222606e+00
5.695519349270110609e-01,1.747222966519090193e+01,1.338201135194484470e+00,-1.776419378149779149e+01,1.171639056123460199e+00,-1.892919971813991520e+00
6.045187645498694140e-01,1.754747479860108683e+01,1.225492435789851564e+00,-1.772485038871811724e+01,1.184965093510333967e+00,-1.855858995733627115e+00
6.355290779666890044e-01,1.762385134309809942e+01,1.107739060245507279e+00,-1.768155521372859340e+01,1.196252080451926991e+00,-1.821666061884856136e+00
6.630373672200041701e-01,1.770186144900862502e+01,9.841451701996981605e-01,-1.763403274792842623e+01,1.205738156147452278e+00,-1.790057059725192135e+00
6.874773662571743715e-01,1.778205183396254085e+01,8.537384842805221252e-01,-1.758187492563188670e+01,1.213649654895677887e+00,-1.760741896354467206e+00
7.092362500893092392e-01,1.786501988596635826e+01,7.153722971202084446e-01,-1.752454836668514204e+01,1.220188349936128125e+00,-1.733451249927185245e+00
7.286412361302831986e-01,1.795140551280660901e+01,5.677677654779602623e-01,-1.746142776735987567e+01,1.225524964791099514e+00,-1.707952363286894704e+00
7.459514036411798443e-01,1.804184767179352278e+01,4.096540654548900262e-01,-1.739189123253830616e+01,1.229795362392654301e+00,-1.684059832168054882e+00
7.613505246887478650e-01,1.813686653729866549e+01,2.401136713744597417e-01,-1.731554485826451995e+01,1.233097304778903336e+00,-1.661645229875810648e+00
7.749417022773096297e-01,1.823661912773928151e+01,5.927618234591805479e-02,-1.723266701099143816e+01,1.235488141162925935e+00,-1.640645328330182284e+00
7.867545890776365125e-01,1.834052750520405084e+01,-1.306354258693154247e-01,-1.714487616499484091e+01,1.236988641082038765e+00,-1.621059848023093997e+00
7.967867322767827609e-01,1.844700911294748380e+01,-3.245314781958609229e-01,-1.705563245767063307e+01,1.237603370172944528e+00,-1.602918995951899239e+00
8.050818582634070575e-01,1.855382490408957707e+01,-5.153684394607800368e-01,-1.696968538099207890e+01,1.237358813068726082e+00,-1.586215148531030295e+00
8.117818431387466838e-01,1.865912256031187155e+01,-6.969829130988645094e-01,-1.689130702771866410e+01,1.236328476585262237e+00,-1.570852096563426503e+00
8.170880942633889088e-01,1.876218716551765908e+01,-8.661727726059806898e-01,-1.682297395683045949e+01,1.234614076100808200e+00,-1.556673120266880206e+00
8.211830421504759947e-01,1.886327823094040212e+01,-1.022304524387732005e+00,-1.676558865906088869e+01,1.232307669359497870e+00,-1.543529087306484193e+00
8.241865852825732697e-01,1.896311609866385339e+01,-1.165942534192607294e+00,-1.671932369332031598e+01,1.229470920442728321e+00,-1.531319318650947059e+00
8.261495755814188824e-01,1.906253278165974052e+01,-1.297903226289910839e+00,-1.668421072722935605e+01,1.226132332150773552e+00,-1.519999910737412252e+00
8.270600130755673129e-01,1.916232219525944558e+01,-1.418848481812864826e+00,-1.666039447438144805e+01,1.222290619212317964e+00,-1.509579850158371928e+00
8.268488567038816406e-01,1.926319068430892756e+01,-1.529162658653343776e+00,-1.664820526156626812e+01,1.217917911293723732e+00,-1.500116690866457603e+00
8.253922848859236439e-01,1.936574160403772993e+01,-1.628940645961876932e+00,-1.664815502505134504e+01,1.212961291063590075e+00,-1.491714950954151186e+00
8.225109345100758418e-01,1.947046483468716005e+01,-1.718012312148949672e+00,-1.666090165293301695e+01,1.207342951685129950e+00,-1.484526997845951435e+00
8.179678903892038111e-01,1.957772036399484250e+01,-1.795976646312728908e+00,-1.668719735112800606e+01,1.200959841523916882e+00,-1.478754993332566769e+00
8.114682137761795033e-01,1.968771255558731070e+01,-1.862237333576632459e+00,-1.672782600742082337e+01,1.193684120220457556e+00,-1.474651525092646409e+00
8.026645060740099646e-01,1.980045473475101403e+01,-1.916037343298543805e+00,-1.678353195816160337e+01,1.185366503766469570e+00,-1.472515037365021096e+00
7.911758114161949740e-01,1.991572490182667821e+01,-1.956491239015665462e+00,-1.685494296102697476e+01,1.175845792044541760e+00,-1.472673733531827400e+00
7.766308582436667329e-01,2.003301370395763215e+01,-1.982613982470997849e+00,-1.694249089004075515e+01,1.164969408799470862e+00,-1.475448463242659880e+00
7.587491875288129295e-01,2.015146625229635902e+01,-1.993346208026415489e+00,-1.704633336013245426e+01,1.152630652086467533e+00,-1.481083021440170455e+00
7.374689088995100006e-01,2.026982236598593445e+01,-1.987579815839072062e+00,-1.716627863696748335e+01,1.138825719225151412e+00,-1.489634616031734637e+00
7.131063385965907830e-01,2.038636937993599574e+01,-1.964193927871762835e+00,-1.730171835817815662e+01,1.123722528581780011e+00,-1.500837563771985073e+00
6.864841722015065928e-01,2.049893903548161944e+01,-1.922114117024310120e+00,-1.745158383546591452e+01,1.107711761853029220e+00,-1.513994587857760976e+00
6.589204243981623410e-01,2.060499231323096225e+01,-1.860394483375843233e+00,-1.761436278882448292e+01,1.091392648016048961e+00,-1.527986875765802166e+00
6.320106045515345716e-01,2.070181316796185911e+01,-1.778285680384694922e+00,-1.778822550308534645e+01,1.075467461261687685e+00,-1.541458379928494882e+00
6.072939480150252312e-01,2.078676481408291110e+01,-1.675220450171112541e+00,-1.797128038261115890e+01,1.060590544169735194e+00,-1.553095874877969962e+00
5.860181190018983743e-01,2.085750849930494866e+01,-1.550670223668302317e+00,-1.816191407138970249e+01,1.047268215821092419e+00,-1.561824963876145000e+00
5.691278847840328670e-01,2.091210693260178388e+01,-1.403888173360784641e+00,-1.835913498788531228e+01,1.035860538642026096e+00,-1.566819629683652071e+00
5.574017976002157981e-01,2.094899967880129310e+01,-1.233582024344369588e+00,-1.856286964190062250e+01,1.026646752158728138e+00,-1.567389807314520045e+00
5.515639449739619948e-01,2.096687874257602502e+01,-1.037536965561587365e+00,-1.877421745814882925e+01,1.019878840485608729e+00,-1.562887569559236356e+00
5.522468919784728758e-01,2.096450451549042526e+01,-8.121926002015205093e-01,-1.899569664414529768e+01,1.015773459303466408e+00,-1.552729143014965230e+00
5.598227242013616989e-01,2.094053180534868730e+01,-5.522665074552017828e-01,-1.923146023634100032e+01,1.014451796356994118e+00,-1.536515936879597755e+00
5.742472925676884721e-01,2.089360398379726647e+01,-2.510329234204231041e-01,-1.948713962152580592e+01,1.015886020158046188e+00,-1.514138611737273710e+00
5.948971050211185885e-01,2.082377710482014876e+01,9.605624128764006509e-02,-1.976766917595417183e+01,1.019841118976882788e+00,-1.485895725233964182e+00
6.197891598157687643e-01,2.073811519577339624e+01,4.770697820489824270e-01,-2.006842884810812677e+01,1.025561583444771996e+00,-1.453191982334837817e+00
6.443595023649943965e-01,2.065814763367175289e+01,8.444200979932958706e-01,-2.036292820073025567e+01,1.031252836486924451e+00,-1.419821106167074909e+00
6.645862613430889576e-01,2.060350163042491545e+01,1.156415542201584490e+00,-2.062795035561121182e+01,1.035286280679444948e+00,-1.389554857778377839e+00
6.803456427140883722e-01,2.057460284548832874e+01,1.418777515284370239e+00,-2.086895390442388987e+01,1.037569448390569748e+00,-1.362869331076001833e+00
6.925436399013400468e-01,2.056739619601997049e+01,1.646218517104564905e+00,-2.109637387103040496e+01,1.038430567786255532e+00,-1.339172601385634653e+00
7.017715315847928848e-01,2.057932025391922082e+01,1.848526054561315135e+00,-2.131732441349932827e+01,1.038077284830145164e+00,-1.318051931622153283e+00
7.082605077859577269e-01,2.060908185461587294e+01,2.031693999268396666e+00,-2.153639986231049619e+01,1.036571220534878268e+00,-1.299368634614326501e+00
7.119642848956920789e-01,2.065603944407100201e+01,2.199509036831025277e+00,-2.175662264372035182e+01,1.033856317320827056e+00,-1.283205496599929774e+00
7.126392603025069050e-01,2.071975180893788249e+01,2.354469772521228244e+00,-2.197991261854672373e+01,1.029789444408270249e+00,-1.269803053133312654e+00
7.099748244617587467e-01,2.079962387987328754e+01,2.498325372572388847e+00,-2.220728715001736475e+01,1.024197814821818486e+00,-1.259450576602006322e+00
7.038585743710713549e-01,2.089459730196423237e+01,2.632450634656805288e+00,-2.243895759316842131e+01,1.017003712318452768e+00,-1.252268117745086062e+00
6.947913380937872363e-01,2.100290141630100393e+01,2.758162699661323991e+00,-2.267444076134338005e+01,1.008424750928888614e+00,-1.247872641197766308e+00
6.841802178538395340e-01,2.112197570222870979e+01,2.876977039007668324e+00,-2.291277496563566984e+01,9.991191054283418138e-01,-1.245147097773837030e+00
6.740022221758973364e-01,2.124869951621568731e+01,2.990716695270605907e+00,-2.315285619760201286e+01,9.900272983089785095e-01,-1.242507859993402741e+00
6.659176635318962978e-01,2.137982400108423775e+01,3.101444574827355805e+00,-2.339375386496711684e+01,9.819433502680313675e-01,-1.238596507654095902e+00
6.607132457184641261e-01,2.151226052005974765e+01,3.211324873264894908e+00,-2.363481198742857714e+01,9.752414341231721018e-01,-1.232706371556340441e+00
6.584291723845479005e-01,2.164309097227531709e+01,3.322498620260677438e+00,-2.387551750742598955e+01,9.699346192530330368e-01,-1.224680611167689559e+00
6.587202039620817517e-01,2.176945067792545174e+01,3.436961671160199572e+00,-2.411526077746169960e+01,9.658496591098499895e-01,-1.214638534692954019e+00
6.610935609344026354e-01,2.188844622458033840e+01,3.556438534369388282e+00,-2.435312225731173541e+01,9.627437430781135008e-01,-1.202804264502874254e+00
6.649916246520096719e-01,2.199719258919546760e+01,3.682285875251088747e+00,-2.458779468443802330e+01,9.603464769684479929e-01,-1.189459942606343246e+00
6.697989663245124126e-01,2.209299019138653364e+01,3.815464593542430283e+00,-2.481770358402340548e+01,9.583646198100572722e-01,-1.174959898248298718e+00
6.748520462022234989e-01,2.217359230019370386e+01,3.956596770253026030e+00,-2.504130584876451238e+01,9.564863146600303123e-01,-1.159740045291716593e+00
6.795053381896507538e-01,2.223745262989103466e+01,4.106092623687750631e+00,-2.525745712681378663e+01,9.544100412006265577e-01,-1.144274135757059607e+00
6.832557288526314165e-01,2.228383979197972664e+01,4.264312888119469847e+00,-2.546570650228648347e+01,9.519002784344537949e-01,-1.128972369100667672e+00
6.858555342890556572e-01,2.231276829950958884e+01,4.431738809044962757e+00,-2.566643092549147553e+01,9.488392534832069680e-01,-1.114079609130536719e+00
6.873296101759771570e-01,2.232477676765782704e+01,4.609143699027237417e+00,-2.586081689840436226e+01,9.452360375080826049e-01,-1.099645377762874077e+00
6.878918765011400316e-01,2.232063158491861898e+01,4.797772209760996276e+00,-2.605076324702280033e+01,9.411894922238954742e-01,-1.085574754088736382e+00
6.878339441162967249e-01,2.230103297867665191e+01,4.999537575560912828e+00,-2.623879202207047712e+01,9.368374589856508505e-01,-1.071706340686807923e+00
6.874504657711448807e-01,2.226636569232965357e+01,5.217254652001309445e+00,-2.642803170004456348e+01,9.323221935839474117e-01,-1.057867461447186574e+00
6.870172149271811524e-01,2.221650390436435885e+01,5.454918271964427134e+00,-2.662229436471407951e+01,9.277803739861233412e-01,-1.043893940387130570e+00
6.868122681325972145e-01,2.215069609531713724e+01,5.717938293427590857e+00,-2.682618224403892171e+01,9.233543163985779012e-01,-1.029623384206210579e+00
6.871741831063878925e-01,2.206771465803196719e+01,6.012808825191562789e+00,-2.704487663769075922e+01,9.192230083466610413e-01,-1.014873114897357764e+00
6.885971285201143433e-01,2.196702380373014307e+01,6.344181213642746897e+00,-2.728231012627871266e+01,9.156548827263730761e-01,-9.994175852729768605e-01
6.917966831242898795e-01,2.185277509376818017e+01,6.704471956989618953e+00,-2.753465192481417745e+01,9.130488941657834978e-01,-9.830183932350563536e-01
6.974209985777923837e-01,2.173905707787540464e+01,7.060089253623779371e+00,-2.778181924668825431e+01,9.117834534495066201e-01,-9.656027030356393315e-01
7.054218499375896068e-01,2.164053701699281973e+01,7.376184462933935038e+00,-2.800342808162553609e+01,9.118575281222366380e-01,-9.473418620804097134e-01
7.154132401633662708e-01,2.155873359079881268e+01,7.651984684303287487e+00,-2.820053464824858835e+01,9.130646699322260140e-01,-9.283126109210619870e-01
7.272693958147431470e-01,2.149009346683850197e+01,7.899037113118841269e+00,-2.838143677902805706e+01,9.153320506960574976e-01,-9.084138376096954071e-01
7.410818038703790300e-01,2.143177453154475032e+01,8.126599022649866555e+00,-2.855272791236798824e+01,9.187065654212114296e-01,-8.874727549729564124e-01
7.570415163210145737e-01,2.138206119579661291e+01,8.340964296308690962e+00,-2.871908547089246611e+01,9.232912112113379477e-01,-8.652959083573592558e-01
7.753591490821321042e-01,2.134001071481347012e+01,8.546547029008417340e+00,-2.888403341581501138e+01,9.292003140500907366e-01,-8.417019758893951042e-01
7.961775952424158254e-01,2.130515834222064697e+01,8.746638447514955672e+00,-2.905041898345331575e+01,9.365102995852480072e-01,-8.165703108392289300e-01
8.194489330797520843e-01,2.127727186232649714e+01,8.943820211550848498e+00,-2.922058693605630353e+01,9.451903261693277436e-01,-7.899195252097546138e-01
8.447850896243112029e-01,2.125605713491024318e+01,9.140139801164490763e+00,-2.939626688764560924e+01,9.550181920487743614e-01,-7.620064486992678132e-01
8.713720393721237079e-01,2.124071635810435765e+01,9.337105862706163606e+00,-2.957814332241617450e+01,9.655319389586848322e-01,-7.333805812472774521e-01
8.981299033774471363e-01,2.122935525735089612e+01,9.535572405998825829e+00,-2.976518291926992532e+01,9.761195342814512621e-01,-7.047633108025755933e-01
9.242110750959375842e-01,2.121856674202017956e+01,9.735707008926796746e+00,-2.995423269123095622e+01,9.862983061963028764e-01,-6.766862454304645169e-01
9.495119748053607589e-01,2.120389147215421488e+01,9.937351793252348742e+00,-3.014085256564186110e+01,9.960021966906623669e-01,-6.491275895658163986e-01
9.746901631618523076e-01,2.118127957064455913e+01,1.014075532504751109e+01,-3.032145072966529042e+01,1.005592044523853978e+00,-6.215195206541845874e-01
1.000780789195278242e+00,2.114829404332900253e+01,1.034709288473703737e+01,-3.049493240281474016e+01,1.015641339859625569e+00,-5.930457157085939901e-01
1.028920544104052759e+00,2.110405195049281346e+01,1.055846819163757289e+01,-3.066262229566494923e+01,1.026781404160870270e+00,-5.628407901989102013e-01
1.060342557980965106e+00,2.104842194150279511e+01,1.077773753242795252e+01,-3.082731310994650187e+01,1.039697542426416321e+00,-5.299761054913004754e-01
1.096535739010993771e+00,2.098126974758074681e+01,1.100850539704864950e+01,-3.099254211048734931e+01,1.055217268969648847e+00,-4.933221277562869767e-01
1.139509204874841863e+00,2.090195454353251492e+01,1.125539978579531741e+01,-3.116239204381528083e+01,1.074457956588621199e+00,-4.513325979462694537e-01
1.192201765572250993e+00,2.080894070606062130e+01,1.152467662580194485e+01,-3.134173523845267439e+01,1.099056919860811332e+00,-4.017126385088722884e-01
1.259135692038336529e+00,2.069934456438072345e+01,1.182526233764137125e+01,-3.153686079568454304e+01,1.131541459988369525e+00,-3.408804878380991554e-01
1.347338953800634176e+00,2.056834401223856190e+01,1.217024157419331409e+01,-3.175643294490106427e+01,1.175858939251072544e+00,-2.631754573613553916e-01
1.466520280082947991e+00,2.040919144809007690e+01,1.257703799268668376e+01,-3.201176548593925730e+01,1.237517950317919002e+00,-1.605468584173095070e-01
